query_id,category,text,keep
Q0001,band_specified,afterglow 노래로 조용한 분위기로 하루를 시작하고 싶어.,TRUE
Q0002,band_specified,헬로해피 노래 중에 신나게 틀어줘.,TRUE
Q0003,band_specified,로젤리아 노래 중에 무겁고 진지한 분위기로 틀어줘.,TRUE
Q0004,band_specified,뮤타입 노래로 격렬한 분위기로 틀어주고 싶어.,TRUE
Q0005,band_specified,파스파레 노래로 차분한 분위기로 음악 틀어줘.,TRUE
Q0006,band_specified,마이고 노래로 조용히 감성에 잠기고 싶어.,TRUE
Q0007,band_specified,포핀파티 노래로 신나게 하루 시작하고 싶어.,TRUE
Q0008,band_specified,아베무지카 노래로 깔끔하고 조용한 분위기로 틀어줘.,TRUE
Q0009,band_specified,RAS 노래 중에 조용히 틀어줘.,TRUE
Q0010,band_specified,헬로해피 노래로 밝고 긍정적인 분위기로 틀어줘.,TRUE
Q0011,band_specified,로젤리아 노래 중에 진지하고 무거운 분위기로 틀어줘.,TRUE
Q0012,band_specified,뮤타입 노래로 신나게 틀어줘.,TRUE
Q0013,band_specified,afterglow 노래로 깔끔한 분위기로 틀어줘.,TRUE
Q0014,band_specified,포핀파티 노래로 격렬한 분위기로 틀어줘.,TRUE
Q0015,band_specified,마이고 노래로 조용하고 평온한 분위기로 틀어줘.,TRUE
Q0016,band_specified,아베무지카 노래로 밝고 에너지 넘치는 분위기로 틀어줘.,TRUE
Q0017,band_specified,RAS 노래로 진지하고 감성적인 분위기로 틀어줘.,TRUE
Q0018,band_specified,모르포니카 노래로 신나고 활기찬 분위기로 틀어줘.,TRUE
Q0019,band_specified,아베무지카 노래 중에 격렬한 분위기로 틀어줘.,TRUE
Q0020,band_specified,헬로해피 노래로 신나게 운동하는 거 좋아.,TRUE
Q0021,band_specified,RAS 노래로 격렬한 분위기로 틀어줘.,TRUE
Q0022,band_specified,로젤리아 노래로 진지한 분위기로 영화 감상하고 싶어.,TRUE
Q0023,band_specified,afterglow 노래로 신나게 주말을 보내고 싶어.,TRUE
Q0024,band_specified,아베무지카 노래로 무겁고 진지한 분위기로 생각할 때 틀어줘.,TRUE
Q0025,band_specified,헬로해피 노래로 조용히 수면 시간을 보내고 싶어.,TRUE
Q0026,band_specified,모르포니카 노래 중에 격렬한 분위기로 운동하는 거 좋아.,TRUE
Q0027,band_specified,뮤타입 노래로 감성에 잠기고 싶어.,TRUE
Q0028,band_specified,마이고 노래로 신나게 친구들과 놀기 좋어.,TRUE
Q0029,band_specified,RAS 노래로 신나게 여유로운 시간을 보내고 싶어.,TRUE
Q0030,band_specified,로젤리아 노래로 조용한 분위기로 생각할 때 틀어줘.,TRUE
Q0031,band_specified,Ave Mujica 노래 중에 신나는 піс사를 틀어줘.,TRUE
Q0032,band_specified,헬로해피 노래로 활발한 분위기로 음악 틀어줘.,TRUE
Q0033,band_specified,모르포니카 노래 중에 차분한 분위기로 틀어줘.,TRUE
Q0034,band_specified,마이고 노래 중에 아름다운 분위기로 틀어줘.,TRUE
Q0035,band_specified,로젤리아 노래 중에 감동적인 분위기로 틀어줘.,TRUE
Q0036,band_specified,afterglow 노래로 감성적인 분위기로 음악 틀어줘.,TRUE
Q0037,band_specified,Ave Mujica 노래로 강렬한 분위기로 틀어줘.,TRUE
Q0038,band_specified,파스파레 노래 중에 감성적으로 노래를 틀어줘.,TRUE
Q0039,band_specified,뮤타입 노래로 차분한 분위기로 틀어줘.,TRUE
Q0040,band_specified,아베무지카 노래 중에 무겁게 노래를 틀어줘.,TRUE
Q0041,band_specified,마이고 노래로 조용히 틀어줘.,TRUE
Q0042,band_specified,헬로해피 노래로 밝은 분위기로 노래를 틀어줘.,TRUE
Q0043,band_specified,모르포니카 노래 중에 신나게 노래를 틀어줘.,TRUE
Q0044,band_specified,파스파레 노래로 감동적인 분위기로 틀어줘.,TRUE
Q0045,band_specified,아베무지카 노래로 무거운 분위기로 틀어줘.,TRUE
Q0046,band_specified,포핀파티 노래로 에너지 넘치는 분위기로 틀어줘.,TRUE
Q0047,band_specified,로젤리아 노래 중에 슬픈 분위기로 틀어줘.,TRUE
Q0048,band_specified,마이고 노래로 진지한 분위기로 틀어줘.,TRUE
Q0049,band_specified,모르포니카 노래로 신나는 분위기로 틀어줘.,TRUE
Q0050,band_specified,'모르포니카 노래 중에 진지하고 추억스러운 분위기로 틀어줘.',TRUE
Q0051,band_specified,'아베무지카 노래로 차분한 분위기로 공부할 때 틀어줘.',TRUE
Q0052,band_specified,'RAS 노래 중에 무겁고 감성적인 분위기로 틀어줘.',TRUE
Q0053,band_specified,'파스파레 노래 중에 밝고 vui vẻ한 분위기로 틀어줘.',TRUE
Q0054,band_specified,'마이고 노래 중에 조용하고 편안한 분위기로 틀어줘.',TRUE
Q0055,band_specified,'로젤리아 노래로 신나고 에너지 넘치는 분위기로 운동할 때 틀어줘.',TRUE
Q0056,band_specified,'포핀파티 노래로 밝고 즐거운 분위기로 가족과 함께 식사할 때 틀어줘.',TRUE
Q0057,band_specified,'헬로해피 노래 중에 감성적인 분위기로 감상을 해본다.',TRUE
Q0058,band_specified,'모르포니카 노래로 무겁고 심오한 분위기로 틀어줘.',TRUE
Q0059,band_specified,'afterglow 노래 중에 밝고 활기찬 분위기로 틀어줘.',TRUE
Q0060,band_specified,'뮤타입 노래로 신나고 에너지 넘치는 분위기로 일하기 좋을 때 틀어줘.',TRUE
Q0061,band_specified,'포핀파티 노래로 조용하고 편안한 분위기로 취침 시간에 틀어줘.',TRUE
Q0062,band_specified,'로젤리아 노래 중에 무겁고 추억스러운 분위기로 틀어줘.',TRUE
Q0063,band_specified,'마이고 노래로 신나고 에너지 넘치는 분위기로 일하기 좋을 때 틀어줘.',TRUE
Q0064,band_specified,아베무지카 노래 중에 진하게 감성에 잠기고 싶어.,TRUE
Q0065,band_specified,헬로해피 노래로 격렬하게 운동할 때 틀어줘.,TRUE
Q0066,band_specified,모르포니카 노래로 신나게 파티할 때 틀어줘.,TRUE
Q0067,band_specified,뮤타입 노래 중에 무겁게 우울하지 않을 때 틀어줘.,TRUE
Q0068,band_specified,마이고 노래로 조용히 영화 감상하고 싶어.,TRUE
Q0069,band_specified,파스파레 노래 중에 밝게 운동할 때 틀어줘.,TRUE
Q0070,band_specified,RAS 노래로 조용하게 생각할 때 틀어줘.,TRUE
Q0071,band_specified,로젤리아 노래 중에 격렬하게 에너지에 맞춰줘.,TRUE
Q0072,band_specified,로젤리아 노래로 진하게 감성에 잠기고 싶어.,TRUE
Q0073,band_specified,afterglow 노래 중에 차분하게 공부할 때 틀어줘.,TRUE
Q0074,band_specified,뮤타입 노래 중에 신나게 노래하기 좋은 노래로 틀어줘.,TRUE
Q0075,band_specified,포핀파티 노래 중에 차분하게 주말을 시작할 때 틀어줘.,TRUE
Q0076,band_specified,아베무지카 노래로 격렬하게 틀어줘.,TRUE
Q0077,band_specified,파스파레 노래로 조용히 감성에 잠기고 싶어.,TRUE
Q0078,band_specified,뮤타입 노래로 조용하게 공부할 때 틀어줘.,TRUE
Q0079,band_specified,파스파레 노래로 신나게 틀어줘.,TRUE
Q0080,band_specified,마이고 노래로 감성적인 분위기로 틀어줘.,TRUE
Q0081,band_specified,afterglow 노래로 조금 조용히 듣고 싶어.,TRUE
Q0082,band_specified,아베무지카 노래 중에 신나게 틀어줘.,TRUE
Q0083,band_specified,헬로해피 노래로 즐거운 분위기로 하루 시작하고 싶어.,TRUE
Q0084,band_specified,모르포니카 노래 중에 격렬한 에너지를 느낄 수 있는 곡으로 틀어줘.,TRUE
Q0085,band_specified,뮤타입 노래로 차분하고 편안한 분위기로 듣고 싶어.,TRUE
Q0086,band_specified,마이고 노래 중에 무거운 감정을 느끼게 해준 곡으로 들어줘.,TRUE
Q0087,band_specified,파스파레 노래로 조용히 듣고 싶은 날에 틀어줘.,TRUE
Q0088,band_specified,포핀파티 노래로 재미있게 운동하면서 들어줄 곡으로 틀어줘.,TRUE
Q0089,band_specified,RAS 노래 중에 밝고 낯선 곳에서 듣기 좋은 곡으로 들어줘.,TRUE
Q0090,band_specified,로젤리아 노래로 아름다운 분위기로 듣고 싶은 곡으로 틀어줘.,TRUE
Q0091,band_specified,afterglow 노래 중에 감동적인 노래로 틀어줘.,TRUE
Q0092,band_specified,아베무지카 노래로 신나는 분위기로 밤을 지새우고 싶어.,TRUE
Q0093,band_specified,헬로해피 노래로 환상적인 경험을 할 수 있는 곡으로 들어줘.,TRUE
Q0094,band_specified,모르포니카 노래로 진지하고 멋진 분위기로 듣고 싶어.,TRUE
Q0095,band_specified,뮤타입 노래 중에 평온하고 안정적인 분위기로 틀어줘.,TRUE
Q0096,band_specified,마이고 노래로 감성적인 분위기로 듣고 싶은 곡으로 들어줘.,TRUE
Q0097,band_specified,파스파레 노래로 밝고 즐거운 분위기로 하루를 시작하고 싶어.,TRUE
Q0098,band_specified,포핀파티 노래로 에너지 넘치는 분위기로 운동하면서 들어줄 곡으로 틀어줘.,TRUE
Q0099,band_specified,RAS 노래로 신나는 분위기로 춤추고 싶어.,TRUE
Q0100,band_specified,'afterglow' 노래로 조용한 분위기로 시작해줘.,TRUE
Q0101,band_specified,'afterglow' 노래 중에 신나게 틀어줘.,TRUE
Q0102,band_specified,'아베무지카' 노래가 조용하고 감성적인 분위기야?,TRUE
Q0103,band_specified,'헬로해피' 노래로 격렬하게 운동하고 싶어.,TRUE
Q0104,band_specified,'헬로해피' 노래가 어때?,TRUE
Q0105,band_specified,'모르포니카' 노래로 차분한 분위기라면 좋겠다.,TRUE
Q0106,band_specified,'뮤타입' 노래가 왜 이렇게 신나고 재밌냐.,TRUE
Q0107,band_specified,'뮤타입' 노래로 한 번 더 틀어줘.,TRUE
Q0108,band_specified,'마이고' 노래 중에 조용히 듣고 싶어.,TRUE
Q0109,band_specified,'마이고' 노래로 신나게 하루를 시작해!,TRUE
Q0110,band_specified,'파스파레' 노래로 감성적인 분위기라면 좋겠다.,TRUE
Q0111,band_specified,'파스파레' 노래 중에 격렬하게 틀어줘.,TRUE
Q0112,band_specified,'포핀파티' 노래로 신나게 틀어줘!,TRUE
Q0113,band_specified,'포핀파티' 노래로 운동하는 동안 들을 노래야!,TRUE
Q0114,band_specified,'RAS' 노래로 감성적인 분위기야?,TRUE
Q0115,band_specified,'RAS' 노래 중에 조용한 분위기로 틀어줘.,TRUE
Q0116,band_specified,'로젤리아' 노래로 진지한 분위기로 틀어줘!,TRUE
Q0117,band_specified,'로젤리아' 노래가 어때?,TRUE
Q0118,band_specified,RAS 노래 중에 차분하고 평온한 분위기로 틀어줘.,TRUE
Q0119,band_specified,파스파레 노래로 조용하고 이국적인 분위기로 틀어줘.,TRUE
Q0120,band_specified,아베무지카 노래로 감성적으로 고요한 분위기로 틀어줘.,TRUE
Q0121,band_specified,포핀파티 노래로 활발하고 성장하는 분위기로 틀어줘.,TRUE
Q0122,band_specified,파스파레 노래 중에 고요하고 꿈같은 분위기로 틀어줘.,TRUE
Q0123,band_specified,로젤리아 노래로 감성적으로 아름다운 분위기로 틀어줘.,TRUE
Q0124,band_specified,포핀파티 노래로 신나고 활발하게 틀어줘.,TRUE
Q0125,intensity_brightness,"더 밝은 노래로 채워줘, 너무 조용하지 말고.",TRUE
Q0126,intensity_brightness,"완전 시끄러운 노래로 채워줘, 내 귀가 아파도 좋아.",TRUE
Q0127,intensity_brightness,"약한 노래로 채워줘, 내가 감정이 풍부해지기 좋다.",TRUE
Q0128,intensity_brightness,"미친듯이 강한 노래로 채워줘, 내 심장을 뛰게 해줘.",TRUE
Q0129,intensity_brightness,"어둡고 무거운 노래로 채워줘, 내 감정에 맞게.",TRUE
Q0130,intensity_brightness,"햇살이 가득한 노래로 채워줘, 내 기분을 밝게 해줘.",TRUE
Q0131,intensity_brightness,"너무 조용한 노래로 채워줘, 내 귀를 위로해줘.",TRUE
Q0132,intensity_brightness,"긍정적인 노래로 채워줘, 내 마음을 밝게 해줘.",TRUE
Q0133,intensity_brightness,"밝고 긍정적인 노래로 채워줘, 내 기분을 밝게 해줘.",TRUE
Q0134,intensity_brightness,"어둡고 긍정적인 노래로 채워줘, 내 감정에 맞게.",TRUE
Q0135,intensity_brightness,"너무 어두운 노래로 채워줘, 내 감정에 맞게.",TRUE
Q0136,intensity_brightness,조용하고 감정 없는 노래로 채워줘.,TRUE
Q0137,intensity_brightness,폭발하는 텐션과 함께 시끄러운 노래로 채워줘.,TRUE
Q0138,intensity_brightness,햇살과 함께 밝고สด러운 노래 듣고 싶어.,TRUE
Q0139,intensity_brightness,어둡고 무거운 노래 듣고 싶어.,TRUE
Q0140,intensity_brightness,음악이 너무 약해. 강한 노래로 채워줘.,TRUE
Q0141,intensity_brightness,내게 힘이 되는 노래로 채워줘.,TRUE
Q0142,intensity_brightness,밝고 명랑한 것처럼 노래 듣고 싶어.,TRUE
Q0143,intensity_brightness,"너무 슬펐는데, 밝은 노래로 채워줘.",TRUE
Q0144,intensity_brightness,완전 어둡고 침울한 노래로 채워줘.,TRUE
Q0145,intensity_brightness,미친듯이 흥겹고 감동적인 노래로 채워줘.,TRUE
Q0146,intensity_brightness,조용하고 평온한 노래로 채워줘.,TRUE
Q0147,intensity_brightness,너무 약해. 더 강한 노래로 채워줘.,TRUE
Q0148,intensity_brightness,"너무 어두우면, 밝은 노래로 채워줘.",TRUE
Q0149,intensity_brightness,내게 힘이 되고 강한 노래로 채워줘.,TRUE
Q0150,intensity_brightness,음악이 너무 밝아. 어두운 노래로 채워줘.,TRUE
Q0151,intensity_brightness,시끄럽고 흥겨운 노래로 채워줘.,TRUE
Q0152,intensity_brightness,조용하고 서정적인 노래로 채워줘.,TRUE
Q0153,intensity_brightness,밝고 긍정적인 노래로 채워줘.,TRUE
Q0154,intensity_brightness,"침울하고 어둡게 듣고 싶으면, 어둡게 채워줘.",TRUE
Q0155,intensity_brightness,너무 조용한 노래로 채워줘.,TRUE
Q0156,intensity_brightness,시끄러운 노래로 채워줘.,TRUE
Q0157,intensity_brightness,미친듯이 강한 노래로 채워줘.,TRUE
Q0158,intensity_brightness,햇살 가득한 것처럼 밝은 노래로 채워줘.,TRUE
Q0159,intensity_brightness,깊은 밤처럼 어둡고 무거운 노래로 채워줘.,TRUE
Q0160,intensity_brightness,너무 밝은 노래로 채워줘.,TRUE
Q0161,intensity_brightness,어둠을 깨고 밝은 노래로 채워줘.,TRUE
Q0162,intensity_brightness,기분 좋고 화끈한 노래로 채워줘.,TRUE
Q0163,intensity_brightness,슬퍼서 가슴이 아픈 노래로 채워줘.,TRUE
Q0164,intensity_brightness,너무 긍정적인 노래로 채워줘.,TRUE
Q0165,intensity_brightness,암울하고 우울한 노래로 채워줘.,TRUE
Q0166,intensity_brightness,힘들어하는 사람들을 위로하는 노래로 채워줘.,TRUE
Q0167,intensity_brightness,신나고 에너지 있는 노래로 채워줘.,TRUE
Q0168,intensity_brightness,평온하고 안정적인 노래로 채워줘.,TRUE
Q0169,intensity_brightness,무거운 가사를 담은 노래로 채워줘.,TRUE
Q0170,intensity_brightness,반짝이는 별처럼 빛나는 노래로 채워줘.,TRUE
Q0171,intensity_brightness,어두운 밤을 밝게 해주는 노래로 채워줘.,TRUE
Q0172,intensity_brightness,폭발적인 에너지로 채워줘.,TRUE
Q0173,intensity_brightness,시끄러워도 좋고 무겁게 느껴지는 노래로 채워줘.,TRUE
Q0174,intensity_brightness,밝은 노래로 채워 줘.,TRUE
Q0175,intensity_brightness,어둡고 슬픈 노래로 채워 줘.,TRUE
Q0176,intensity_brightness,약한 소리가 들리지 않게 시끄러운 노래로 채워 줘.,TRUE
Q0177,intensity_brightness,완전 어둡고 무거운 노래로 채워 줘.,TRUE
Q0178,intensity_brightness,밝은 기운이 있는 노래로 채워 줘.,TRUE
Q0179,intensity_brightness,칠흑 같은 어둡고 슬픈 노래로 채워 줘.,TRUE
Q0180,intensity_brightness,미치도록 시끄러운 노래로 채워 줘.,TRUE
Q0181,intensity_brightness,시끄럽고 무거운 노래로 채워 줘.,TRUE
Q0182,intensity_brightness,조용하고 슬픈 노래로 채워 줘.,TRUE
Q0183,intensity_brightness,조용하고 소소한 분위기의 노래로 채워줘.,TRUE
Q0184,intensity_brightness,내일같은 밝고 기대가되는 노래로 채워줘.,TRUE
Q0185,intensity_brightness,정말 시끄럽고 화끈한 노래로 채워줘.,TRUE
Q0186,intensity_brightness,어둡고 침울한 분위기의 노래 듣고 싶어.,TRUE
Q0187,intensity_brightness,가벼운 마음으로 웃고 싶은 노래로 채워줘.,TRUE
Q0188,intensity_brightness,무겁고 서글픈 노래 듣고 싶어.,TRUE
Q0189,intensity_brightness,밝은 햇살과 함께 가는 노래로 채워줘.,TRUE
Q0190,intensity_brightness,칠색조 같은 밝고 기뻐하는 노래로 채워줘.,TRUE
Q0191,intensity_brightness,조용하고 감성적인 노래로 채워줘.,TRUE
Q0192,intensity_brightness,강력하고 에너지 넘치는 노래로 채워줘.,TRUE
Q0193,intensity_brightness,어둡고 무거운 노래로 채워줘.,TRUE
Q0194,intensity_brightness,가볍고 즐거운 노래로 채워줘.,TRUE
Q0195,intensity_brightness,밝고 상쾌한 노래로 채워줘.,TRUE
Q0196,intensity_brightness,너무 조용하고 편한 노래로 채워줘.,TRUE
Q0197,intensity_brightness,"시끄러워요, 더 강력하고刺激적인 노래로 채워줘.",TRUE
Q0198,intensity_brightness,칠흑같이 어둡고 무거운 노래로 채워줘.,TRUE
Q0199,intensity_brightness,너무 약한 노래가 아니고 강한 노래로 채워줘.,TRUE
Q0200,intensity_brightness,깔끔하고 깊음 없는 노래로 채워줘.,TRUE
Q0201,intensity_brightness,정말 시끄럽고 에너지 넘치는 노래로 채워줘.,TRUE
Q0202,intensity_brightness,너무 어둡고 우울한 노래가 아니고 밝은 노래로 채워줘.,TRUE
Q0203,intensity_brightness,조용하고 편한 분위기에서 노래를 들을 수 있게 해줘.,TRUE
Q0204,intensity_brightness,더 밝고 명랑한 노래로 채워줘.,TRUE
Q0205,intensity_brightness,정말 무거운 감정의 노래가 아니고 가벼운 노래로 채워줘.,TRUE
Q0206,intensity_brightness,시끄럽고 에너지 넘치는 분위기로 노래를 채워줘.,TRUE
Q0207,intensity_brightness,칠흑같이 어둡고 무거운 분위기에서 노래를 채워줘.,TRUE
Q0208,intensity_brightness,밝고 긍정적인 분위기로 노래를 채워줘.,TRUE
Q0209,intensity_brightness,조용하고 편안한 분위기로 노래를 채워줘.,TRUE
Q0210,intensity_brightness,더 밝고 밝고 긍정적인 노래로 채워줘.,TRUE
Q0211,intensity_brightness,조용하고 가슴에 힘을 실어주는 노래로 채워줘.,TRUE
Q0212,intensity_brightness,밝은 기분을 북돋아주는 노래 듣고 싶어.,TRUE
Q0213,intensity_brightness,어둡고 슬픈 노래 듣고 싶어.,TRUE
Q0214,intensity_brightness,약한 목소리와 가벼운 리듬으로 채워줘.,TRUE
Q0215,intensity_brightness,강한 베이스 라인과 에너지 넘치는 노래로 채워줘.,TRUE
Q0216,intensity_brightness,햇살 가득한 것처럼 밝은 노래 듣고 싶어.,FALSE
Q0217,intensity_brightness,칠흑같이 어둡고 무거운 노래 듣고 싶어.,FALSE
Q0218,intensity_brightness,달콤한 멜로디와 가벼운 노래로 채워줘.,TRUE
Q0219,intensity_brightness,시원하고 쾌활한 노래로 채워줘.,TRUE
Q0220,intensity_brightness,가슴이 뛰는 노래로 채워줘.,TRUE
Q0221,intensity_brightness,무거운 분위기와 강한 리듬으로 채워줘.,TRUE
Q0222,intensity_brightness,밝고สด러운 노래로 채워줘.,TRUE
Q0223,intensity_brightness,슬픈 이별 노래로 채워줘.,TRUE
Q0224,intensity_brightness,파워풀한 베이스 라인과 강렬한 노래로 채워줘.,TRUE
Q0225,intensity_brightness,부드러운 멜로디와 조용한 노래로 채워줘.,TRUE
Q0226,intensity_brightness,밝은 기분을 북돋아주는 노래로 채워줘.,TRUE
Q0227,intensity_brightness,너무 밝고 에너지 넘치는 노래로 채워줘.,TRUE
Q0228,intensity_brightness,완전 조용하고 감동적인 노래로만 채워줘.,TRUE
Q0229,intensity_brightness,어둡고 추운 느낌의 노래만 듣고 싶어.,TRUE
Q0230,intensity_brightness,하늘과 바다에 비를 내려도 좋을만큼 무거운 노래로 채워줘.,TRUE
Q0231,intensity_brightness,미친듯이 시끄러운 노래로 채워줘.,TRUE
Q0232,intensity_brightness,햇살이 밝은 느낌의 노래로만 채워줘.,TRUE
Q0233,intensity_brightness,너무 약한 노래로 채워줘.,TRUE
Q0234,intensity_brightness,이세계로 빠져들 것 같은 노래로 채워줘.,TRUE
Q0235,intensity_brightness,내일이 밝혀질 것 같은 기대감이 들 정도로 밝은 노래로 채워줘.,TRUE
Q0236,intensity_brightness,하늘을 찌를 것 같은 노래로 채워줘.,TRUE
Q0237,intensity_brightness,너무 어둡고 무거운 노래로 채워줘.,TRUE
Q0238,intensity_brightness,가슴이 멍청해질 것 같은 노래로 채워줘.,TRUE
Q0239,intensity_brightness,시원한 산산에 비추는 햇살처럼 밝은 노래로 채워줘.,TRUE
Q0240,intensity_brightness,내게 필요한 노래를 추천해줘.,TRUE
Q0241,intensity_brightness,너무 밝고 밝은 노래로 채워줘.,TRUE
Q0242,intensity_brightness,내 주변을 어둡게 하는 노래로 채워줘.,TRUE
Q0243,intensity_brightness,너무 시끄러운 노래로 채워줘.,TRUE
Q0244,intensity_brightness,하늘에서 내게 내려오는 비처럼 감동적인 노래로 채워줘.,TRUE
Q0245,intensity_brightness,너무 무거운 노래로 채워줘.,TRUE
Q0246,intensity_brightness,조용하고 마음에 드는 노래로 채워줘.,TRUE
Q0247,intensity_brightness,시끄러운 음악으로 채워줘.,TRUE
Q0248,intensity_brightness,밝은 노래로 마음을 풀어줘.,TRUE
Q0249,intensity_brightness,어둡고 무거운 노래로 감정을 표현해줘.,TRUE
Q0250,intensity_brightness,힘이 나는 노래로 채워줘.,TRUE
Q0251,intensity_brightness,밝은 감정으로 가득 찬 노래로 채워줘.,TRUE
Q0252,intensity_brightness,힘 빠진 노래로 채워줘.,TRUE
Q0253,intensity_brightness,미치도록 빠른 tempo의 노래로 채워줘.,TRUE
Q0254,intensity_brightness,편안하고 감성적인 노래로 채워줘.,TRUE
Q0255,intensity_brightness,불타는 에너지로 가득 찬 노래로 채워줘.,TRUE
Q0256,intensity_brightness,강렬한 비트로 가득 찬 노래로 채워줘.,TRUE
Q0257,intensity_brightness,어둡고 무거운 감정으로 가득 찬 노래로 채워줘.,TRUE
Q0258,intensity_brightness,힘을 북돋우는 노래로 채워줘.,TRUE
Q0259,intensity_brightness,밝은 계절 같은 노래로 채워줘.,TRUE
Q0260,intensity_brightness,빠르게 가득 찬 노래로 채워줘.,TRUE
Q0261,intensity_brightness,무게가 느껴지는 노래로 채워줘.,TRUE
Q0262,intensity_brightness,약한 노래로 채워줘.,TRUE
Q0263,intensity_brightness,햇살가득한 노래로 채워줘.,TRUE
Q0264,intensity_brightness,행복한 노래로 채워줘.,TRUE
Q0265,intensity_brightness,무거운 분위기의 노래로 채워줘.,TRUE
Q0266,intensity_brightness,밝은 기분 좋은 노래로 채워줘.,TRUE
Q0267,intensity_brightness,우울한 노래로 채워줘.,TRUE
Q0268,intensity_brightness,신나는 노래로 채워줘.,TRUE
Q0269,intensity_brightness,열정적인 노래로 채워줘.,TRUE
Q0270,situational_functional,아침 운동할 때 듣는 곡,TRUE
Q0271,situational_functional,공부 방에 배경 음악으로 틀어놓을 노래,TRUE
Q0272,situational_functional,비 오는 날 집에서 보라카이 생각하면서 듣는 노래,TRUE
Q0273,situational_functional,친구 생일 파티에서 틀어줄 노래,TRUE
Q0274,situational_functional,침실에서 잠들기 전에 듣는 음악,TRUE
Q0275,situational_functional,집에서 공부하다가 식사 시간에 듣는 노래,TRUE
Q0276,situational_functional,드라이브할 때 듣는 노래,TRUE
Q0277,situational_functional,친구집에서 카페인 물어받고 공부할 때 듣는 음악,TRUE
Q0278,situational_functional,집에서 오락실 같은 분위기로 틀어놓을 노래,TRUE
Q0279,situational_functional,아침 일어나서 커피마시며 듣는 노래,TRUE
Q0280,situational_functional,친구 생일 파티에서 노래 한 곡 틀고 춤추는 노래,TRUE
Q0281,situational_functional,집에서 공부하다가 피곤할 때 듣는 음악,TRUE
Q0282,situational_functional,비행기에서 자고 싶지 않아 듣는 노래,TRUE
Q0283,situational_functional,집에서 운동할 때 듣는 노래,TRUE
Q0284,situational_functional,집에서 여유롭게 듣는 음악,TRUE
Q0285,situational_functional,비 오는 날 집에서 우울할 때 듣는 노래,TRUE
Q0286,situational_functional,친구 생일 파티에서 가수와 함께 춤추는 노래,TRUE
Q0287,situational_functional,집에서 공부하다가 재미있게 듣는 노래,TRUE
Q0288,situational_functional,친구 생일 파티에서 기분 좋을 때 듣는 노래,TRUE
Q0289,situational_functional,집에서 자주 들었던 노래 다시 듣기,TRUE
Q0290,situational_functional,운동할 때 들어야 하는 노래.,TRUE
Q0291,situational_functional,자연스럽게 배경으로流れる 노래 찾기.,TRUE
Q0292,situational_functional,오랜만에 집에 돌아오는 느낌의 노래.,TRUE
Q0293,situational_functional,여행의 시작을 알리는 노래.,TRUE
Q0294,situational_functional,집에서 공부하는 시간 배경으로 들을 노래.,TRUE
Q0295,situational_functional,친구들과 함께 파티할 때 틀어야 할 노래.,TRUE
Q0296,situational_functional,아침에 일어나서 기분 좋게 시작하는 노래.,TRUE
Q0297,situational_functional,정말 슬픈 날에 들어야 할 노래.,TRUE
Q0298,situational_functional,하루를 마무리하는 시간 배경으로 들을 노래.,TRUE
Q0299,situational_functional,자신감이 넘치는 음악 찾기.,TRUE
Q0300,situational_functional,집에서 혼자서 듣기 좋은 노래.,TRUE
Q0301,situational_functional,새벽에 깨어나서 동네를 산책할 때 들을 노래.,TRUE
Q0302,situational_functional,가족과 함께 집에서 식사하는 배경 음악 찾기.,TRUE
Q0303,situational_functional,자신의 마음에 맞는 음악 찾기.,TRUE
Q0304,situational_functional,여행의 추억으로 남을 노래 찾기.,TRUE
Q0305,situational_functional,주말에 가족과 함께 여행할 때 듣기 좋은 노래.,TRUE
Q0306,situational_functional,자연에서 느낄 수 있는 감동의 음악 찾기.,TRUE
Q0307,situational_functional,밤에 따뜻한 차를 마시면서 듣기 좋은 노래.,TRUE
Q0308,situational_functional,여행에서 느껴지는 자유의 느낌의 노래 찾기.,TRUE
Q0309,situational_functional,운동할때 들을 노래,TRUE
Q0310,situational_functional,아침에 일어나서 운동할 때 들어가는 노래,TRUE
Q0311,situational_functional,오후 5시에 축구할 때 틀어야 하는 노래,TRUE
Q0312,situational_functional,독서할 때 배경으로 들어가는 노래,TRUE
Q0313,situational_functional,친구 생일파티에서 틀어야 하는 노래,TRUE
Q0314,situational_functional,정말 슬플 때 들어야 하는 노래,TRUE
Q0315,situational_functional,휴식을 취할 때 들어야 하는 노래,TRUE
Q0316,situational_functional,하루 종일 집에서 일할 때 들어야 하는 노래,TRUE
Q0317,situational_functional,친구와의 자전거 타기에서 틀어야 하는 노래,TRUE
Q0318,situational_functional,자신감을 북돋우기 위한 노래,TRUE
Q0319,situational_functional,친구들과의 데이트에서 틀어야 하는 노래,TRUE
Q0320,situational_functional,아침에 일어나서 일할 때 들어야 하는 노래,TRUE
Q0321,situational_functional,집에서 공부할 때 배경으로 들어야 하는 노래,TRUE
Q0322,situational_functional,주말에 여행을 가서 틀어야 하는 노래,TRUE
Q0323,situational_functional,여행 중에 틀어야 하는 노래,TRUE
Q0324,situational_functional,오전 9시에 학교에 가서 틀어야 하는 노래,TRUE
Q0325,situational_functional,운동할 때 듣는 노래,TRUE
Q0326,situational_functional,책 읽을 때 배경으로 들을 노래,TRUE
Q0327,situational_functional,잠들기 전 조용히 듣는 노래,TRUE
Q0328,situational_functional,스포츠 경기 시청할 때 듣는 음악,TRUE
Q0329,situational_functional,친구와 드라이브 할 때 듣는 노래,TRUE
Q0330,situational_functional,수영하는 동안 듣는 노래,TRUE
Q0331,situational_functional,공부할 때 집중할 수 있는 노래,TRUE
Q0332,situational_functional,자연 속에서 산책할 때 듣는 음악,TRUE
Q0333,situational_functional,식사할 때 들을 노래,TRUE
Q0334,situational_functional,친구와 영화 xem할 때 듣는 음악,TRUE
Q0335,situational_functional,운동 후 휴식할 때 듣는 노래,TRUE
Q0336,situational_functional,주말에 가족과 함께 보내는 날의 노래,TRUE
Q0337,situational_functional,여행할 때 듣는 음악,TRUE
Q0338,situational_functional,감정적으로 힘들 때 듣는 노래,TRUE
Q0339,situational_functional,친구와 게임할 때 듣는 노래,TRUE
Q0340,situational_functional,아침에 일어나서 하는 운동할 때 듣는 노래,TRUE
Q0341,situational_functional,점심에 듣는 노래,TRUE
Q0342,situational_functional,저녁에 가족과 함께하는 시간의 노래,TRUE
Q0343,situational_functional,아침 식사 후에 듣는 노래.,TRUE
Q0344,situational_functional,비눗방울 물놀이 할 때 들을 노래.,TRUE
Q0345,situational_functional,친구들과 축구 하러 갈 때 들을 음악.,TRUE
Q0346,situational_functional,집에서 공부할 때 배경으로 틀어놓을 노래.,TRUE
Q0347,situational_functional,주말에 드라이브 할 때 들을 노래.,TRUE
Q0348,situational_functional,운동할 때 고반복으로 들어야 하는 노래.,TRUE
Q0349,situational_functional,친구 생일파티에서 함께 춤추기 위한 노래.,TRUE
Q0350,situational_functional,일어나서 일할 때 듣는 노래.,TRUE
Q0351,situational_functional,잠자기 전의 감정을 표현하는 노래.,TRUE
Q0352,situational_functional,친구와 함께 밤에 파티할 때 들을 노래.,TRUE
Q0353,situational_functional,집에서 밑바닥 청소하는 중에 들을 노래.,TRUE
Q0354,situational_functional,주말에 산에 피크닉 갈 때 들을 노래.,TRUE
Q0355,situational_functional,아침에 일어나서 피트니스 강의 듣기 전에 들을 노래.,TRUE
Q0356,situational_functional,친구와 함께 여행할 때 들을 노래.,TRUE
Q0357,situational_functional,집에서 공부하다가 피로가 느껴질 때 듣는 노래.,TRUE
Q0358,situational_functional,친구 생일파티에서 선물 받은 노래 들으며 축하해 주는 노래.,TRUE
Q0359,situational_functional,집에서 일하기 전에 듣는 노래.,TRUE
Q0360,situational_functional,친구와 함께 야경 보러 갈 때 들을 노래.,TRUE
Q0361,situational_functional,독서할 때 배경으로 틀어놓을 노래.,FALSE
Q0362,situational_functional,친구 생일파티에서 틀 노래.,FALSE
Q0363,situational_functional,잠들기 전 조명 끄고 듣는 노래.,FALSE
Q0364,situational_functional,운전 중 음악을 들을 노래.,TRUE
Q0365,situational_functional,비행기에서 듣는 음악.,TRUE
Q0366,situational_functional,자정에 듣는 노래.,TRUE
Q0367,situational_functional,커피숍에서 듣는 노래.,TRUE
Q0368,situational_functional,식사하는 시간에 듣는 음악.,TRUE
Q0369,situational_functional,아침에 듣는 노래.,TRUE
Q0370,situational_functional,야근할 때 듣는 노래.,TRUE
Q0371,situational_functional,여행 중 듣는 음악.,TRUE
Q0372,situational_functional,수영장에서 듣는 노래.,TRUE
Q0373,situational_functional,도서관에서 공부할 때 듣는 음악.,TRUE
Q0374,situational_functional,자전거 타는 중 음악.,TRUE
Q0375,situational_functional,휴식을 취할 때 듣는 음악.,TRUE
Q0376,situational_functional,운동 후 듣는 노래.,TRUE
Q0377,situational_functional,산책할 때 듣는 음악.,TRUE
Q0378,situational_functional,점심시간에 듣는 노래를 추천해줘.,TRUE
Q0379,situational_functional,새벽 5시起기를 위한 음악 추천해줘.,TRUE
Q0380,situational_functional,주말에 집에서 뷰티를 하며 듣는 노래.,TRUE
Q0381,situational_functional,친구와 함께 공부하는 음악을 찾고 있습니다.,TRUE
Q0382,situational_functional,운전하면서 들을 노래를 추천해줘.,TRUE
Q0383,situational_functional,여행할 때 듣는 음악을 추천해줘.,TRUE
Q0384,situational_functional,집에서 일할 때 듣는 노래를 추천해줘.,TRUE
Q0385,situational_functional,파티에서 틀어놓을 노래를 추천해줘.,TRUE
Q0386,situational_functional,침실에 들어가기 직전 듣는 노래.,TRUE
Q0387,situational_functional,집에서 운동하는 음악을 찾고 있습니다.,TRUE
Q0388,situational_functional,친구 생일을 맞아 맞이할 때 듣는 노래를 추천해줘.,TRUE
Q0389,situational_functional,휴일을 보내는 음악을 추천해줘.,TRUE
Q0390,situational_functional,식당에서 음식을 드는 음악을 추천해줘.,TRUE
Q0391,situational_functional,일과 휴식이 교대로 오가는 음악을 찾고 있습니다.,TRUE
Q0392,situational_functional,새벽에 일어나서 운동하는 음악을 추천해줘.,TRUE
Q0393,situational_functional,친구와 함께 바다에서 보트를 타는 음악을 추천해줘.,TRUE
Q0394,situational_functional,식당에서 일하는 음악을 추천해줘.,TRUE
Q0395,situational_functional,아침 일어나서 출근하는 음악을 찾고 있습니다.,TRUE
Q0396,situational_functional,여행의 끝을 맞아 듣는 음악을 추천해줘.,TRUE
Q0397,situational_functional,집에서 공부하는 음악을 추천해줘.,TRUE
Q0398,situational_functional,운동할 때 듣는 노래 찾아요.,TRUE
Q0399,situational_functional,집에서 공부할 때 좋은 노래 추천해주세요.,TRUE
Q0400,situational_functional,드라이브할 때 들을 음악 추천해주세요.,TRUE
Q0401,situational_functional,친구 생일파티에 가서 틀어야 할 노래 뭐야?,TRUE
Q0402,situational_functional,아침 일찍 일어나는 음악 찾아요.,TRUE
Q0403,situational_functional,가볍게 운동할 때 들을 음악 추천해주세요.,TRUE
Q0404,situational_functional,고백할 때 배경으로 듣는 노래 뭐야?,TRUE
Q0405,situational_functional,주말에 휴식할 때 들을 음악 추천해주세요.,TRUE
Q0406,situational_functional,친구와 함께 걸을 때 듣는 음악 뭐야?,TRUE
Q0407,situational_functional,공부할 때 집중할 수 있는 음악 추천해주세요.,TRUE
Q0408,situational_functional,아침 일과에 들을 노래 찾아요.,TRUE
Q0409,situational_functional,파티에 가서 노래 틀기 전에 뭐야?,FALSE
Q0410,situational_functional,잠들기 전에 듣는 음악 추천해주세요.,TRUE
Q0411,situational_functional,비가 온 날에 듣는 음악 뭐야?,TRUE
Q0412,situational_functional,친구와 함께 운동할 때 들을 음악 추천해주세요.,TRUE
Q0413,situational_functional,주말에 여행갈 때 들을 음악 뭐야?,TRUE
Q0414,situational_functional,집에서 편하게 듣는 음악 추천해주세요.,TRUE
Q0415,situational_functional,친구 생일파티에서 함께 춤 추기 전에 뭐야?,TRUE
Q0416,situational_functional,공부할 때 배경으로 듣는 음악 찾아요.,TRUE
Q0417,situational_functional,비행기에서 듣는 음악 뭐야?,TRUE
Q0418,situational_functional,운동할 때 듣고 싶은 노래 추천해줘.,TRUE
Q0419,situational_functional,점심시간에 틀어놓을 뮤직 추천해봐.,TRUE
Q0420,progressive_arc,가라앉은 분위기에서 점점 밝아지는 느낌으로.,TRUE
Q0421,progressive_arc,아침 일어나기 전에 천천히 모닝을 느끼게 해줘.,TRUE
Q0422,progressive_arc,밤의 조용함에서 새벽의 조용함으로 이어지는 플레이리스트.,TRUE
Q0423,progressive_arc,러닝 시작부터 마무리까지 점점 더 빠르게.,TRUE
Q0424,progressive_arc,파티 분위기가 점점 더 뜨거워지는 느낌으로.,TRUE
Q0425,progressive_arc,침대에서 일어나기 전부터 점점 더 밝아지는 노래로.,TRUE
Q0426,progressive_arc,여유로운 오후부터 점점 더 흥밋밉한 분위기로.,TRUE
Q0427,progressive_arc,침묵의 밤에서 점점 더 밝고 신나는 분위기로.,TRUE
Q0428,progressive_arc,기분이 다운되서 올라가는 느낌으로.,TRUE
Q0429,progressive_arc,조용한 집에서 점점 더 활기찬 분위기로.,TRUE
Q0430,progressive_arc,낮잠을 자고 일어나기 전부터 점점 밝아지는 노래로.,TRUE
Q0431,progressive_arc,느린 시작부터 점점 더 빠르게 진행되는 플레이리스트.,TRUE
Q0432,progressive_arc,아침 일어나기 전부터 점점 더 밝고 새봄스러운 느낌으로.,TRUE
Q0433,progressive_arc,여유롭고 조용한 분위기에서 점점 더 밝고 기분좋은 느낌으로.,TRUE
Q0434,progressive_arc,낮부터 점점 더 밤으로 가는 느낌으로.,TRUE
Q0435,progressive_arc,새벽 드라이브를 하기 전부터 점점 더 밝고 신나는 분위기로.,TRUE
Q0436,progressive_arc,침대에서 일어나기 전부터 점점 더 밝고 활기찬 노래로.,TRUE
Q0437,progressive_arc,천천히 달아오르는 기분으로 만들어줘.,TRUE
Q0438,progressive_arc,침묵의 밤에 점점 더 밝고 신나는 느낌으로.,TRUE
Q0439,progressive_arc,"낮부터 점점 환한 음악으로 시작하고, 점점 높아지는 분위기로 끝내줘.",TRUE
Q0440,progressive_arc,"서서히 밝아오는 첫머리부터 신나는 중간까지, 마무리가 감성돼.",TRUE
Q0441,progressive_arc,"조용한 여울길, 점점 빠른 도심, 마지막이 가벼운 느낌으로.",TRUE
Q0442,progressive_arc,"일어나서 움직이기 시작하는 아침 분위기로 시작하고, 점점 더 활짝 열리는 느낌으로.",TRUE
Q0443,progressive_arc,"잠들기 전에 천천히 감성적인 분위기로, 깨어나기 시작할 때쯤은 활발하게.",TRUE
Q0444,progressive_arc,"조용한 아침부터 점점 더 밝은 분위기로, 마무리가 가볍게 끝나도록.",TRUE
Q0445,progressive_arc,"느린 시작, 점점 더 빠르게 몰입되는 느낌으로 끝내줘.",TRUE
Q0446,progressive_arc,"처음은 편안한 분위기에서, 점점 더 강렬해지는 음악으로 마무리.",TRUE
Q0447,progressive_arc,"점점 밝아지는 아침 분위기로, 활발한 느낌으로 끝내줘.",TRUE
Q0448,progressive_arc,"시작부터 끝까지 일관된 분위기 유지해줘, 가볍고 활발하게.",TRUE
Q0449,progressive_arc,"첫머리부터 신나게 흐르는 음악, 점점 더 강렬해지는 분위기로 끝내줘.",TRUE
Q0450,progressive_arc,"서서히 밝아오는 첫머리, 점점 더 활발한 중간, 마무리가 가볍게.",TRUE
Q0451,progressive_arc,"시작은 편안하게, 점점 더 활발하게, 끝이 신나게.",TRUE
Q0452,progressive_arc,"시작부터 끝까지 일관된 분위기 유지해줘, 천천히 밝아지는 느낌으로.",TRUE
Q0453,progressive_arc,"조용한 여울길, 점점 더 빠른 도심, 마무리가 가볍게 끝나도록.",TRUE
Q0454,progressive_arc,"시작은 조용하게, 점점 더 활발하게, 마무리가 신나게.",TRUE
Q0455,progressive_arc,가라앉은 기분에서 천천히 밝아지는 느낌으로 플레이리스트를 만들어줘.,TRUE
Q0456,progressive_arc,"야간 산책, 어둠에서 점점 밝아지는 느낌으로 만들어줘.",TRUE
Q0457,progressive_arc,조용하게 시작해서 점점 흥겹게 끝나는 플레이리스트를 만져줘.,TRUE
Q0458,progressive_arc,새벽에 일어나는 첫 번째 일어나서 낮에는 신나게 운동하는 느낌으로.,TRUE
Q0459,progressive_arc,"달리기 준비운동부터 본운동, 마무리까지 이어지는 러닝 플레이리스트.",FALSE
Q0460,progressive_arc,천천히 달아오르는 파티 분위기로 만들어줘.,FALSE
Q0461,progressive_arc,가라앉은 기분에서 서서히 힘을 되찾는 느낌으로.,FALSE
Q0462,progressive_arc,"새벽 드라이브, 조용히 출발해서 해뜰 때쯤 신나지는 느낌으로.",FALSE
Q0463,progressive_arc,침대에서 일어나는 첫 번째 일어나서 퇴근길에는 힐링하는 느낌으로.,TRUE
Q0464,progressive_arc,점점 밝아지는 햇살로 시작해서 점점 어두워지는 밤을 마무리하는 느낌으로.,TRUE
Q0465,progressive_arc,낮부터 점점 밝아지는 날씨로 음악을 들려줘.,TRUE
Q0466,progressive_arc,일어나서 일어나는 기분으로 시작해서 점점 힘차게.,TRUE
Q0467,progressive_arc,평온한 분위기로 시작해서 서서히 분위기를 바꿔줘.,TRUE
Q0468,progressive_arc,조용한 카페 분위기로 시작해서 음악이 점점 더 크게.,TRUE
Q0469,progressive_arc,점점 더 가벼워지는 느낌으로 음악을 들려줘.,TRUE
Q0470,progressive_arc,낮부터 밤까지 음악을 들으며 일상생활을 즐겨.,TRUE
Q0471,progressive_arc,조용한 도로로 도착해서 천천히 출발하는 느낌으로.,TRUE
Q0472,progressive_arc,서서히 밝아지는 느낌으로 음악을 들려줘.,TRUE
Q0473,progressive_arc,음악이 점점 더 크게 커지는 느낌으로.,TRUE
Q0474,progressive_arc,일어나서 일어나는 기분으로 음악을 들려줘.,TRUE
Q0475,progressive_arc,낮부터 점점 더 밝아지는 느낌으로.,TRUE
Q0476,progressive_arc,점점 더 가벼워지는 느낌으로.,TRUE
Q0477,progressive_arc,음악이 점점 더 큰 느낌으로.,TRUE
Q0478,progressive_arc,일어나서 일어나는 기분으로 음악이 시작되면 점점 더 힘차게.,TRUE
Q0479,progressive_arc,음악이 점점 더 크게 커지는 느낌으로 시작해서 서서히 가라앉게.,TRUE
Q0480,progressive_arc,평온한 분위기로 시작해서 점점 더 밝아지는 느낌으로.,TRUE
Q0481,progressive_arc,조용한 도로로 도착해서 음악이 점점 더 크게 커지는 느낌으로.,TRUE
Q0482,progressive_arc,낮부터 점점 더 밝아지는 느낌으로 음악을 들려줘.,TRUE
Q0483,progressive_arc,점점 빠르게 달아오르는 에너지와 함께 달리기하기.,TRUE
Q0484,progressive_arc,조용한 기분이 서서히 밝아지는 느낌으로.,TRUE
Q0485,progressive_arc,아침 일찍 일어나서 신나는 음악으로 아침을 맞이해줘.,TRUE
Q0486,progressive_arc,천천히 가라앉는 기분에서 다시 일어나는 느낌으로.,TRUE
Q0487,progressive_arc,서서히 가라앉는 분위기로 잠을 청하는 밤의 플레이리스트.,TRUE
Q0488,progressive_arc,"신나는 음악으로 아침을 맞이하고, 점점 가라앉는 분위기로 일과를 마무리해줘.",TRUE
Q0489,progressive_arc,조용한 분위기에서 서서히 밝아지는 느낌으로 음악을 들려줘.,TRUE
Q0490,progressive_arc,"새벽 드라이브, 조용히 출발해서 해뜰 때까지 음악적으로 함께해줘.",TRUE
Q0491,progressive_arc,천천히 달아오르는 분위기로 음악으로 파티를 열어줘.,TRUE
Q0492,progressive_arc,가라앉은 기분에서 다시 일어나있는 느낌으로 음악을 들려줘.,TRUE
Q0493,progressive_arc,점점 더 신나는 분위기로 음악으로 밤의 플레이리스트를 완성해줘.,TRUE
Q0494,progressive_arc,가라앉은 기분에서 서서히 힘을 되찾는 느낌으로 음악을 들려줘.,TRUE
Q0495,progressive_arc,"런닝 준비운동부터 본운동, 마무리까지 이어지는 플레이리스트로 만들어줘.",TRUE
Q0496,progressive_arc,천천히 기분이 들뜨는 분위기로 시작해 점점 더 열정적으로.,TRUE
Q0497,progressive_arc,평일 오후 공부하는 시간 분위기부터 점점 더 집중하는 모드로.,TRUE
Q0498,progressive_arc,아침 일어나서 점점 더 기분이 좋은 분위기로.,TRUE
Q0499,progressive_arc,일요일 아침 조용히 아침 기상부터 점점 더 화려히.,TRUE
Q0500,progressive_arc,집중力 있는 공부에 필요한 분위기부터 점점 더 집중하는 모드로.,TRUE
Q0501,progressive_arc,오전 9시부터 점점 더 일상생활에 필요한 에너지를.,TRUE
Q0502,progressive_arc,점심시간부터 점점 더 식욕을 자극하는 분위기로.,TRUE
Q0503,progressive_arc,주말 오후 가족과 함께 점점 더 즐거운 분위기로.,TRUE
Q0504,progressive_arc,수업 중간 점심시간부터 점점 더 재미있는 분위기로.,TRUE
Q0505,progressive_arc,저녁 식사 준비부터 점점 더 고급스럽게.,TRUE
Q0506,progressive_arc,퇴근 후 점점 더 편안한 분위기로.,TRUE
Q0507,progressive_arc,운동 준비부터 점점 더 열정적으로.,TRUE
Q0508,progressive_arc,점점 더 고독한 분위기로 시작해 조용히 마무리.,TRUE
Q0509,progressive_arc,일상생활에서 점점 더 활기찬 분위기로.,TRUE
Q0510,progressive_arc,점점 더 신나는 분위기로 시작해 기분 좋게.,TRUE
Q0511,progressive_arc,점점 더 조용한 분위기로 시작해 편안한 마무리.,TRUE
Q0512,progressive_arc,점점 더 집중하는 분위기로 시작해 완벽한 마무리로.,TRUE
Q0513,progressive_arc,음악은 점점 서서히 활기차게 바뀌도록 만들어.,TRUE
Q0514,progressive_arc,점점 더 빠르게 달리는 느낌으로 바꿔줘.,TRUE
Q0515,progressive_arc,첫 시작부터 끝까지 한결 같은 분위기 유지해.,TRUE
Q0516,progressive_arc,느리게 시작해서 점점 더 빠르게 오르도록 하자.,TRUE
Q0517,progressive_arc,달리기 중간중간에 일상적인 분위기로 바꿔줘.,TRUE
Q0518,progressive_arc,밤을 지새우는 분위기로 만들어줘.,TRUE
Q0519,progressive_arc,조용한 산책 분위기로 만들어.,TRUE
Q0520,progressive_arc,음악은 점차 더 밝게 바뀌도록 해.,TRUE
Q0521,progressive_arc,음악은 서서히 가라앉는 분위기로 바뀌도록 해.,TRUE
Q0522,progressive_arc,점점 더 오래 걷는 느낌으로 바꿔줘.,TRUE
Q0523,progressive_arc,음악은 점점 더 빠르게 오르도록 해.,TRUE
Q0524,progressive_arc,음악은 밤을 지새우는 분위기로 바뀌도록 해.,TRUE
Q0525,progressive_arc,달리기 마지막까지 활기차게 유지해.,TRUE
Q0526,progressive_arc,음악은 점점 더 조용한 분위기로 바뀌도록 해.,TRUE
Q0527,progressive_arc,음악은 하루를 시작하는 분위기로 바뀌도록 해.,TRUE
Q0528,progressive_arc,음악의 시작부터 점점 뜨거워지는 분위기로.,TRUE
Q0529,progressive_arc,낮잠에서 깨어나서 점점 일어나면서.,TRUE
Q0530,progressive_arc,조용한 주말 아침부터 점점 활기찬 느낌으로.,TRUE
Q0531,progressive_arc,음악이 서서히 시작되어 점점 더 빠르게.,TRUE
Q0532,progressive_arc,아침 일찍 일어나서 점점 피곤해지는 느낌으로.,TRUE
Q0533,progressive_arc,천천히 올라가는 마운틴 클라이밍 느낌으로.,TRUE
Q0534,progressive_arc,낮에 지루한 기분에서 점점 흥미로워지는 느낌으로.,TRUE
Q0535,progressive_arc,음악이 점점 더 느려질 때까지.,TRUE
Q0536,progressive_arc,서서히 일어나는 새벽 분위기로.,TRUE
Q0537,progressive_arc,음악이 시작되어 점점 더 빠르게 달리고.,TRUE
Q0538,progressive_arc,점점 더 느려지는 음악으로.,TRUE
Q0539,progressive_arc,음악의 시작부터 점점 더 밝아지는 느낌으로.,TRUE
Q0540,progressive_arc,낮잠 자고 일어난 기분으로 점점 분위기가 살아나는 플레이리스트.,TRUE
Q0541,progressive_arc,서서히 가라앉은 분위기에서 다시 빛나기까지 이어지는 음악.,TRUE
Q0542,progressive_arc,낮부터 밤까지의 일상에서 들을 수 있는 플레이리스트.,TRUE
Q0543,progressive_arc,조용한 아침부터 점점 활기찬 분위기로 바뀔 플레이리스트.,TRUE
Q0544,progressive_arc,시작부터 끝까지 한 곡도 빠지지 않은 완전한 플레이리스트.,TRUE
Q0545,progressive_arc,오전 10시부터 점점 가라앉는 분위기로 마무리하는 플레이리스트.,TRUE
Q0546,progressive_arc,신나는 밤부터 다시 조용한 아침으로.,TRUE
Q0547,progressive_arc,한층 더 깊어지는 밤에 듣기 좋은 플레이리스트.,TRUE
Q0548,progressive_arc,달리는 중에 듣기 좋은 플레이리스트.,TRUE
Q0549,progressive_arc,점점 더 가라앉는 분위기로 끝내는 플레이리스트.,TRUE
Q0550,progressive_arc,아침부터 점점 바뀐 분위기로 마감하는 플레이리스트.,TRUE
Q0551,progressive_arc,밤이 깊어질 때 듣기 좋은 플레이리스트.,TRUE
Q0552,progressive_arc,점점 더 활기찬 분위기로 끝내는 플레이리스트.,TRUE
Q0553,progressive_arc,조용한 분위기에 점점 더 깊어진 플레이리스트.,TRUE
Q0554,progressive_arc,점점 활기차게 되는 플레이리스트.,TRUE
Q0555,progressive_arc,밤이 깊어질 때 들을 수 있는 플레이리스트.,TRUE
Q0556,progressive_arc,음악이 시작할 때부터 서서히 밝아지는 분위기로 만들어줘.,TRUE
Q0557,progressive_arc,조용한 아침부터 점점 기침에 가득 찬 분위기로.,TRUE
Q0558,progressive_arc,달리기 준비운동부터 본운동까지 이어지는 강렬한 플레이리스트.,TRUE
Q0559,progressive_arc,음악이 끝날 때까지 점점 가라앉는 슬픈 분위기로.,TRUE
Q0560,progressive_arc,시작부터 끝까지 신나는 분위기로 만들어줘.,TRUE
Q0561,progressive_arc,조용한 밤부터 점점 활기찬 분위기로.,TRUE
Q0562,progressive_arc,천천히 달아오르는 에너지로 가득 찬 분위기로.,TRUE
Q0563,progressive_arc,시작부터 끝까지 감동적인 분위기로 만들어줘.,TRUE
