tag,band,intensity,band_pct
afterglow__000,afterglow,0.5841,0.6389
afterglow__001,afterglow,0.8656,0.9722
afterglow__002,afterglow,0.5828,0.625
afterglow__003,afterglow,0.4823,0.4167
afterglow__004,afterglow,0.4402,0.3194
afterglow__005,afterglow,0.8748,0.9861
afterglow__006,afterglow,0.4415,0.3333
afterglow__007,afterglow,0.4385,0.2917
afterglow__008,afterglow,0.4391,0.3056
afterglow__009,afterglow,0.7237,0.8472
afterglow__010,afterglow,0.8811,1.0
afterglow__011,afterglow,0.6958,0.8056
afterglow__012,afterglow,0.1916,0.0694
afterglow__013,afterglow,0.5785,0.6111
afterglow__014,afterglow,0.6675,0.7639
afterglow__015,afterglow,0.3956,0.2222
afterglow__016,afterglow,0.7968,0.9444
afterglow__017,afterglow,0.519,0.4583
afterglow__018,afterglow,0.5368,0.5139
afterglow__019,afterglow,0.1556,0.0417
afterglow__020,afterglow,0.1689,0.0556
afterglow__021,afterglow,0.542,0.5278
afterglow__022,afterglow,0.2487,0.0833
afterglow__023,afterglow,0.3323,0.1389
afterglow__024,afterglow,0.771,0.9028
afterglow__025,afterglow,0.5359,0.5
afterglow__026,afterglow,0.5478,0.5556
afterglow__027,afterglow,0.2889,0.0972
afterglow__028,afterglow,0.3037,0.1111
afterglow__029,afterglow,0.7353,0.875
afterglow__030,afterglow,0.5568,0.5694
afterglow__031,afterglow,0.055,0.0139
afterglow__032,afterglow,0.612,0.6944
afterglow__033,afterglow,0.7912,0.9306
afterglow__034,afterglow,0.6397,0.7361
afterglow__035,afterglow,0.4442,0.3472
afterglow__036,afterglow,0.4737,0.4028
afterglow__037,afterglow,0.4054,0.2361
afterglow__038,afterglow,0.3672,0.1667
afterglow__039,afterglow,0.5266,0.4861
afterglow__040,afterglow,0.6224,0.7083
afterglow__041,afterglow,0.6396,0.7222
afterglow__042,afterglow,0.5911,0.6528
afterglow__043,afterglow,0.6782,0.7917
afterglow__044,afterglow,0.7444,0.8889
afterglow__045,afterglow,0.3374,0.1528
afterglow__046,afterglow,0.3747,0.2083
afterglow__047,afterglow,0.6565,0.75
afterglow__048,afterglow,0.4459,0.3611
afterglow__049,afterglow,0.4096,0.2639
afterglow__050,afterglow,0.7088,0.8333
afterglow__051,afterglow,0.4845,0.4306
afterglow__052,afterglow,0.4329,0.2778
afterglow__053,afterglow,0.6013,0.6806
afterglow__054,afterglow,0.4962,0.4444
afterglow__055,afterglow,0.5977,0.6667
afterglow__056,afterglow,0.4508,0.375
afterglow__057,afterglow,0.4668,0.3889
afterglow__058,afterglow,0.676,0.7778
afterglow__059,afterglow,0.7274,0.8611
afterglow__060,afterglow,0.4066,0.25
afterglow__061,afterglow,0.5623,0.5833
afterglow__062,afterglow,0.5456,0.5417
afterglow__063,afterglow,0.3712,0.1806
afterglow__064,afterglow,0.1444,0.0278
afterglow__065,afterglow,0.5742,0.5972
afterglow__066,afterglow,0.3721,0.1944
afterglow__067,afterglow,0.7802,0.9167
afterglow__068,afterglow,0.8365,0.9583
afterglow__069,afterglow,0.5211,0.4722
afterglow__070,afterglow,0.3163,0.125
afterglow__071,afterglow,0.7038,0.8194
ave_mujica__072,ave_mujica,0.4028,0.5172
ave_mujica__073,ave_mujica,0.5331,0.6207
ave_mujica__074,ave_mujica,0.0521,0.1724
ave_mujica__075,ave_mujica,0.2994,0.3448
ave_mujica__076,ave_mujica,0.6826,0.8966
ave_mujica__077,ave_mujica,0.8627,1.0
ave_mujica__078,ave_mujica,0.3817,0.4828
ave_mujica__079,ave_mujica,0.6765,0.8621
ave_mujica__080,ave_mujica,0.6291,0.7586
ave_mujica__081,ave_mujica,0.6567,0.8276
ave_mujica__082,ave_mujica,0.5932,0.6897
ave_mujica__083,ave_mujica,0.6075,0.7241
ave_mujica__084,ave_mujica,0.7379,0.931
ave_mujica__085,ave_mujica,0.4836,0.5862
ave_mujica__086,ave_mujica,0.7608,0.9655
ave_mujica__087,ave_mujica,0.0243,0.1034
ave_mujica__088,ave_mujica,0.2259,0.2759
ave_mujica__089,ave_mujica,0.2609,0.3103
ave_mujica__090,ave_mujica,0.1725,0.2069
ave_mujica__091,ave_mujica,0.0229,0.069
ave_mujica__092,ave_mujica,0.1806,0.2414
ave_mujica__093,ave_mujica,0.0222,0.0345
ave_mujica__094,ave_mujica,0.4731,0.5517
ave_mujica__095,ave_mujica,0.3231,0.4138
ave_mujica__096,ave_mujica,0.572,0.6552
ave_mujica__097,ave_mujica,0.0312,0.1379
ave_mujica__098,ave_mujica,0.6361,0.7931
ave_mujica__099,ave_mujica,0.3054,0.3793
ave_mujica__100,ave_mujica,0.3611,0.4483
various_artists__101,various_artists,0.2891,0.2
various_artists__102,various_artists,0.4416,0.6
various_artists__103,various_artists,0.4366,0.4
various_artists__104,various_artists,0.5668,1.0
various_artists__105,various_artists,0.5653,0.8
hello_happy_world__106,hello_happy_world,0.4457,0.1528
hello_happy_world__107,hello_happy_world,0.8569,0.9306
hello_happy_world__108,hello_happy_world,0.2286,0.0278
hello_happy_world__109,hello_happy_world,0.7763,0.7778
hello_happy_world__110,hello_happy_world,0.5929,0.4028
hello_happy_world__111,hello_happy_world,0.827,0.8889
hello_happy_world__112,hello_happy_world,0.7662,0.7361
hello_happy_world__113,hello_happy_world,0.6468,0.5
hello_happy_world__114,hello_happy_world,0.5236,0.2361
hello_happy_world__115,hello_happy_world,0.4766,0.1944
hello_happy_world__116,hello_happy_world,0.3635,0.0556
hello_happy_world__117,hello_happy_world,0.3751,0.0694
hello_happy_world__118,hello_happy_world,0.6344,0.4861
hello_happy_world__119,hello_happy_world,0.7769,0.7917
hello_happy_world__120,hello_happy_world,0.5743,0.3194
hello_happy_world__121,hello_happy_world,0.6775,0.5556
hello_happy_world__122,hello_happy_world,0.4081,0.125
hello_happy_world__123,hello_happy_world,0.6933,0.6111
hello_happy_world__124,hello_happy_world,0.5668,0.3056
hello_happy_world__125,hello_happy_world,0.4168,0.1389
hello_happy_world__126,hello_happy_world,0.921,0.9861
hello_happy_world__127,hello_happy_world,0.379,0.0833
hello_happy_world__128,hello_happy_world,0.7067,0.6528
hello_happy_world__129,hello_happy_world,0.6931,0.5972
hello_happy_world__130,hello_happy_world,0.718,0.6806
hello_happy_world__131,hello_happy_world,0.0941,0.0139
hello_happy_world__132,hello_happy_world,0.847,0.9028
hello_happy_world__133,hello_happy_world,0.5803,0.3472
hello_happy_world__134,hello_happy_world,0.4651,0.1806
hello_happy_world__135,hello_happy_world,0.7898,0.8194
hello_happy_world__136,hello_happy_world,0.6118,0.4722
hello_happy_world__137,hello_happy_world,0.6026,0.4306
hello_happy_world__138,hello_happy_world,0.7525,0.7083
hello_happy_world__139,hello_happy_world,0.6073,0.4444
hello_happy_world__140,hello_happy_world,0.6496,0.5139
hello_happy_world__141,hello_happy_world,0.6563,0.5278
hello_happy_world__142,hello_happy_world,0.7738,0.7639
hello_happy_world__143,hello_happy_world,0.5544,0.2778
hello_happy_world__144,hello_happy_world,0.5801,0.3333
hello_happy_world__145,hello_happy_world,0.3888,0.1111
hello_happy_world__146,hello_happy_world,0.8249,0.875
hello_happy_world__147,hello_happy_world,0.7432,0.6944
hello_happy_world__148,hello_happy_world,0.5666,0.2917
hello_happy_world__149,hello_happy_world,0.2834,0.0417
hello_happy_world__150,hello_happy_world,0.5975,0.4167
hello_happy_world__151,hello_happy_world,0.4605,0.1667
hello_happy_world__152,hello_happy_world,0.8497,0.9167
hello_happy_world__153,hello_happy_world,0.8749,0.9444
hello_happy_world__154,hello_happy_world,0.8068,0.8611
hello_happy_world__155,hello_happy_world,0.5833,0.375
hello_happy_world__156,hello_happy_world,0.911,0.9722
hello_happy_world__157,hello_happy_world,0.8777,0.9583
hello_happy_world__158,hello_happy_world,0.3874,0.0972
hello_happy_world__159,hello_happy_world,0.5842,0.3889
hello_happy_world__160,hello_happy_world,0.6074,0.4583
hello_happy_world__161,hello_happy_world,0.5246,0.25
hello_happy_world__162,hello_happy_world,0.4964,0.2083
hello_happy_world__163,hello_happy_world,0.789,0.8056
hello_happy_world__164,hello_happy_world,0.7962,0.8333
hello_happy_world__165,hello_happy_world,0.6988,0.625
hello_happy_world__166,hello_happy_world,0.7735,0.75
hello_happy_world__167,hello_happy_world,0.6809,0.5694
hello_happy_world__168,hello_happy_world,0.6588,0.5417
hello_happy_world__169,hello_happy_world,0.9274,1.0
hello_happy_world__170,hello_happy_world,0.7073,0.6667
hello_happy_world__171,hello_happy_world,0.6856,0.5833
hello_happy_world__172,hello_happy_world,0.5051,0.2222
hello_happy_world__173,hello_happy_world,0.7659,0.7222
hello_happy_world__174,hello_happy_world,0.7061,0.6389
hello_happy_world__175,hello_happy_world,0.8008,0.8472
hello_happy_world__176,hello_happy_world,0.5369,0.2639
hello_happy_world__177,hello_happy_world,0.5824,0.3611
ikka_dumb_rock__178,ikka_dumb_rock,0.7875,1.0
millsage__179,millsage,0.5761,1.0
morfonica__180,morfonica,0.8101,1.0
morfonica__181,morfonica,0.6381,0.8246
morfonica__182,morfonica,0.7374,0.9298
morfonica__183,morfonica,0.7217,0.8947
morfonica__184,morfonica,0.4819,0.5263
morfonica__185,morfonica,0.3487,0.2632
morfonica__186,morfonica,0.2487,0.1228
morfonica__187,morfonica,0.298,0.2281
morfonica__188,morfonica,0.4173,0.4211
morfonica__189,morfonica,0.1993,0.0526
morfonica__190,morfonica,0.3328,0.2456
morfonica__191,morfonica,0.5751,0.7544
morfonica__192,morfonica,0.2705,0.1754
morfonica__193,morfonica,0.5795,0.7719
morfonica__194,morfonica,0.4997,0.6316
morfonica__195,morfonica,0.41,0.386
morfonica__196,morfonica,0.1205,0.0175
morfonica__197,morfonica,0.4844,0.5789
morfonica__198,morfonica,0.4842,0.5614
morfonica__199,morfonica,0.4347,0.4561
morfonica__200,morfonica,0.2888,0.2105
morfonica__201,morfonica,0.2772,0.193
morfonica__202,morfonica,0.6136,0.807
morfonica__203,morfonica,0.3523,0.2807
morfonica__204,morfonica,0.4827,0.5439
morfonica__205,morfonica,0.4137,0.4035
morfonica__206,morfonica,0.7133,0.8772
morfonica__207,morfonica,0.7725,0.9825
morfonica__208,morfonica,0.1573,0.0351
morfonica__209,morfonica,0.7506,0.9474
morfonica__210,morfonica,0.6012,0.7895
morfonica__211,morfonica,0.5439,0.6842
morfonica__212,morfonica,0.575,0.7368
morfonica__213,morfonica,0.3956,0.3684
morfonica__214,morfonica,0.3673,0.3333
morfonica__215,morfonica,0.7647,0.9649
morfonica__216,morfonica,0.4558,0.4737
morfonica__217,morfonica,0.5504,0.7018
morfonica__218,morfonica,0.2023,0.0702
morfonica__219,morfonica,0.5255,0.6491
morfonica__220,morfonica,0.2077,0.0877
morfonica__221,morfonica,0.7239,0.9123
morfonica__222,morfonica,0.2618,0.1404
morfonica__223,morfonica,0.5513,0.7193
morfonica__224,morfonica,0.3609,0.3158
morfonica__225,morfonica,0.2413,0.1053
morfonica__226,morfonica,0.4903,0.614
morfonica__227,morfonica,0.6423,0.8421
morfonica__228,morfonica,0.6644,0.8596
morfonica__229,morfonica,0.4704,0.4912
morfonica__230,morfonica,0.3674,0.3509
morfonica__231,morfonica,0.3562,0.2982
morfonica__232,morfonica,0.4259,0.4386
morfonica__233,morfonica,0.2618,0.1579
morfonica__234,morfonica,0.4897,0.5965
morfonica__235,morfonica,0.4778,0.5088
morfonica__236,morfonica,0.5295,0.6667
mugendai_mutype__237,mugendai_mutype,0.287,0.1739
mugendai_mutype__238,mugendai_mutype,0.7752,0.6087
mugendai_mutype__239,mugendai_mutype,0.532,0.2609
mugendai_mutype__240,mugendai_mutype,0.1534,0.0435
mugendai_mutype__241,mugendai_mutype,0.5499,0.3043
mugendai_mutype__242,mugendai_mutype,0.1582,0.087
mugendai_mutype__243,mugendai_mutype,0.7719,0.5652
mugendai_mutype__244,mugendai_mutype,0.917,0.8261
mugendai_mutype__245,mugendai_mutype,0.253,0.1304
mugendai_mutype__246,mugendai_mutype,0.6847,0.4348
mugendai_mutype__247,mugendai_mutype,0.9714,0.9565
mugendai_mutype__248,mugendai_mutype,0.9239,0.8696
mugendai_mutype__249,mugendai_mutype,0.683,0.3913
mugendai_mutype__250,mugendai_mutype,0.8282,0.6522
mugendai_mutype__251,mugendai_mutype,0.4072,0.2174
mugendai_mutype__252,mugendai_mutype,0.6358,0.3478
mugendai_mutype__253,mugendai_mutype,0.7647,0.5217
mugendai_mutype__254,mugendai_mutype,0.874,0.7391
mugendai_mutype__255,mugendai_mutype,0.9276,0.913
mugendai_mutype__256,mugendai_mutype,0.6965,0.4783
mugendai_mutype__257,mugendai_mutype,0.9899,1.0
mugendai_mutype__258,mugendai_mutype,0.8969,0.7826
mugendai_mutype__259,mugendai_mutype,0.8519,0.6957
mygo__260,mygo,0.1832,0.1591
mygo__261,mygo,0.4951,0.75
mygo__262,mygo,0.4819,0.7045
mygo__263,mygo,0.2814,0.3409
mygo__264,mygo,0.8023,0.9773
mygo__265,mygo,0.2114,0.2045
mygo__266,mygo,0.6831,0.9318
mygo__267,mygo,0.0864,0.0909
mygo__268,mygo,0.1207,0.1136
mygo__269,mygo,0.3122,0.4318
mygo__270,mygo,0.3563,0.4773
mygo__271,mygo,0.2169,0.2273
mygo__272,mygo,0.0425,0.0227
mygo__273,mygo,0.35,0.4545
mygo__274,mygo,0.5868,0.8182
mygo__275,mygo,0.3604,0.5227
mygo__276,mygo,0.5039,0.7727
mygo__277,mygo,0.2572,0.2727
mygo__278,mygo,0.2921,0.4091
mygo__279,mygo,0.2689,0.3182
mygo__280,mygo,0.1859,0.1818
mygo__281,mygo,0.0515,0.0682
mygo__282,mygo,0.2612,0.2955
mygo__283,mygo,0.2846,0.3636
mygo__284,mygo,0.3887,0.5682
mygo__285,mygo,0.5931,0.8409
mygo__286,mygo,0.6462,0.8864
mygo__287,mygo,0.8291,1.0
mygo__288,mygo,0.0493,0.0455
mygo__289,mygo,0.3747,0.5455
mygo__290,mygo,0.4128,0.6136
mygo__291,mygo,0.7308,0.9545
mygo__292,mygo,0.3596,0.5
mygo__293,mygo,0.444,0.6591
mygo__294,mygo,0.4477,0.6818
mygo__295,mygo,0.5269,0.7955
mygo__296,mygo,0.292,0.3864
mygo__297,mygo,0.2501,0.25
mygo__298,mygo,0.4066,0.5909
mygo__299,mygo,0.6531,0.9091
mygo__300,mygo,0.4341,0.6364
pastel_palettes__301,pastel_palettes,0.5297,0.2568
pastel_palettes__302,pastel_palettes,0.8138,0.6892
pastel_palettes__303,pastel_palettes,0.9637,0.973
pastel_palettes__304,pastel_palettes,0.4437,0.1757
pastel_palettes__305,pastel_palettes,0.7976,0.6486
pastel_palettes__306,pastel_palettes,0.8417,0.7432
pastel_palettes__307,pastel_palettes,0.8434,0.7703
pastel_palettes__308,pastel_palettes,0.6534,0.4459
pastel_palettes__309,pastel_palettes,0.8837,0.8919
pastel_palettes__310,pastel_palettes,0.1565,0.0405
pastel_palettes__311,pastel_palettes,0.6823,0.473
pastel_palettes__312,pastel_palettes,0.4806,0.2027
pastel_palettes__313,pastel_palettes,0.4697,0.1892
pastel_palettes__314,pastel_palettes,0.606,0.3514
pastel_palettes__315,pastel_palettes,0.7635,0.5676
pastel_palettes__316,pastel_palettes,0.5272,0.2432
pastel_palettes__317,pastel_palettes,0.9236,0.9189
pastel_palettes__318,pastel_palettes,0.9439,0.9595
pastel_palettes__319,pastel_palettes,0.845,0.7838
pastel_palettes__320,pastel_palettes,0.7863,0.6216
pastel_palettes__321,pastel_palettes,0.5711,0.3108
pastel_palettes__322,pastel_palettes,0.3585,0.1216
pastel_palettes__323,pastel_palettes,0.6341,0.4189
pastel_palettes__324,pastel_palettes,0.1648,0.0541
pastel_palettes__325,pastel_palettes,0.7622,0.5541
pastel_palettes__326,pastel_palettes,0.3047,0.0811
pastel_palettes__327,pastel_palettes,0.8269,0.7297
pastel_palettes__328,pastel_palettes,0.597,0.3378
pastel_palettes__329,pastel_palettes,0.6319,0.4054
pastel_palettes__330,pastel_palettes,0.6956,0.4865
pastel_palettes__331,pastel_palettes,0.8246,0.7027
pastel_palettes__332,pastel_palettes,0.7754,0.5811
pastel_palettes__333,pastel_palettes,0.2524,0.0676
pastel_palettes__334,pastel_palettes,0.8735,0.8243
pastel_palettes__335,pastel_palettes,0.5686,0.2838
pastel_palettes__336,pastel_palettes,0.7845,0.5946
pastel_palettes__337,pastel_palettes,0.6695,0.4595
pastel_palettes__338,pastel_palettes,0.52,0.2297
pastel_palettes__339,pastel_palettes,0.3729,0.1486
pastel_palettes__340,pastel_palettes,0.7865,0.6351
pastel_palettes__341,pastel_palettes,0.8424,0.7568
pastel_palettes__342,pastel_palettes,0.6112,0.3784
pastel_palettes__343,pastel_palettes,0.1372,0.027
pastel_palettes__344,pastel_palettes,0.8059,0.6757
pastel_palettes__345,pastel_palettes,0.3674,0.1351
pastel_palettes__346,pastel_palettes,0.7124,0.5135
pastel_palettes__347,pastel_palettes,0.5425,0.2703
pastel_palettes__348,pastel_palettes,0.5687,0.2973
pastel_palettes__349,pastel_palettes,0.8858,0.9054
pastel_palettes__350,pastel_palettes,0.9869,0.9865
pastel_palettes__351,pastel_palettes,0.3247,0.0946
pastel_palettes__352,pastel_palettes,0.8716,0.8108
pastel_palettes__353,pastel_palettes,0.8811,0.8649
pastel_palettes__354,pastel_palettes,0.7198,0.527
pastel_palettes__355,pastel_palettes,0.6068,0.3649
pastel_palettes__356,pastel_palettes,0.6292,0.3919
pastel_palettes__357,pastel_palettes,0.8669,0.7973
pastel_palettes__358,pastel_palettes,0.8792,0.8514
pastel_palettes__359,pastel_palettes,0.7533,0.5405
pastel_palettes__360,pastel_palettes,0.1215,0.0135
pastel_palettes__361,pastel_palettes,0.8046,0.6622
pastel_palettes__362,pastel_palettes,0.8764,0.8378
pastel_palettes__363,pastel_palettes,0.7854,0.6081
pastel_palettes__364,pastel_palettes,0.9239,0.9324
pastel_palettes__365,pastel_palettes,0.6441,0.4324
pastel_palettes__366,pastel_palettes,0.5921,0.3243
pastel_palettes__367,pastel_palettes,0.9367,0.9459
pastel_palettes__368,pastel_palettes,0.9879,1.0
pastel_palettes__369,pastel_palettes,0.5029,0.2162
pastel_palettes__370,pastel_palettes,0.8264,0.7162
pastel_palettes__371,pastel_palettes,0.7067,0.5
pastel_palettes__372,pastel_palettes,0.3578,0.1081
pastel_palettes__373,pastel_palettes,0.8831,0.8784
pastel_palettes__374,pastel_palettes,0.3919,0.1622
poppin_party__375,poppin_party,0.7215,0.8609
poppin_party__376,poppin_party,0.5375,0.5217
poppin_party__377,poppin_party,0.3891,0.313
poppin_party__378,poppin_party,0.6605,0.7565
poppin_party__379,poppin_party,0.6255,0.6696
poppin_party__380,poppin_party,0.4812,0.4261
poppin_party__381,poppin_party,0.2777,0.1739
poppin_party__382,poppin_party,0.566,0.5478
poppin_party__383,poppin_party,0.4904,0.4348
poppin_party__384,poppin_party,0.1708,0.0609
poppin_party__385,poppin_party,0.2386,0.113
poppin_party__386,poppin_party,0.9099,0.9652
poppin_party__387,poppin_party,0.21,0.0957
poppin_party__388,poppin_party,0.6026,0.6174
poppin_party__389,poppin_party,0.7096,0.8435
poppin_party__390,poppin_party,0.6387,0.7043
poppin_party__391,poppin_party,0.3709,0.2696
poppin_party__392,poppin_party,0.9194,0.9826
poppin_party__393,poppin_party,0.293,0.1826
poppin_party__394,poppin_party,0.3747,0.287
poppin_party__395,poppin_party,0.6327,0.687
poppin_party__396,poppin_party,0.3746,0.2783
poppin_party__397,poppin_party,0.6496,0.7304
poppin_party__398,poppin_party,0.588,0.587
poppin_party__399,poppin_party,0.5773,0.5652
poppin_party__400,poppin_party,0.8213,0.9217
poppin_party__401,poppin_party,0.2565,0.1478
poppin_party__402,poppin_party,0.3583,0.2609
poppin_party__403,poppin_party,0.1461,0.0435
poppin_party__404,poppin_party,0.3095,0.2174
poppin_party__405,poppin_party,0.1451,0.0348
poppin_party__406,poppin_party,0.3134,0.2261
poppin_party__407,poppin_party,0.1783,0.0696
poppin_party__408,poppin_party,0.3048,0.2087
poppin_party__409,poppin_party,0.2975,0.2
poppin_party__410,poppin_party,0.6234,0.6522
poppin_party__411,poppin_party,0.6348,0.6957
poppin_party__412,poppin_party,0.2348,0.1043
poppin_party__413,poppin_party,0.3831,0.3043
poppin_party__414,poppin_party,0.9427,1.0
poppin_party__415,poppin_party,0.0415,0.0087
poppin_party__416,poppin_party,0.1198,0.0261
poppin_party__417,poppin_party,0.1566,0.0522
poppin_party__418,poppin_party,0.5306,0.5043
poppin_party__419,poppin_party,0.8376,0.9478
poppin_party__420,poppin_party,0.4111,0.3478
poppin_party__421,poppin_party,0.4933,0.4609
poppin_party__422,poppin_party,0.2492,0.1304
poppin_party__423,poppin_party,0.5008,0.4696
poppin_party__424,poppin_party,0.7069,0.8261
poppin_party__425,poppin_party,0.6069,0.6261
poppin_party__426,poppin_party,0.3355,0.2435
poppin_party__427,poppin_party,0.1987,0.087
poppin_party__428,poppin_party,0.6143,0.6348
poppin_party__429,poppin_party,0.39,0.3217
poppin_party__430,poppin_party,0.2941,0.1913
poppin_party__431,poppin_party,0.4768,0.4087
poppin_party__432,poppin_party,0.6245,0.6609
poppin_party__433,poppin_party,0.6855,0.8
poppin_party__434,poppin_party,0.5288,0.4957
poppin_party__435,poppin_party,0.6797,0.7826
poppin_party__436,poppin_party,0.577,0.5565
poppin_party__437,poppin_party,0.6416,0.7217
poppin_party__438,poppin_party,0.694,0.8174
poppin_party__439,poppin_party,0.5834,0.5739
poppin_party__440,poppin_party,0.6566,0.7478
poppin_party__441,poppin_party,0.2619,0.1565
poppin_party__442,poppin_party,0.0915,0.0174
poppin_party__443,poppin_party,0.5916,0.6
poppin_party__444,poppin_party,0.5318,0.513
poppin_party__445,poppin_party,0.4919,0.4522
poppin_party__446,poppin_party,0.435,0.3913
poppin_party__447,poppin_party,0.434,0.3826
poppin_party__448,poppin_party,0.4644,0.4
poppin_party__449,poppin_party,0.6276,0.6783
poppin_party__450,poppin_party,0.853,0.9565
poppin_party__451,poppin_party,0.2447,0.1217
poppin_party__452,poppin_party,0.2701,0.1652
poppin_party__453,poppin_party,0.9312,0.9913
poppin_party__454,poppin_party,0.6532,0.7391
poppin_party__455,poppin_party,0.3393,0.2522
poppin_party__456,poppin_party,0.4799,0.4174
poppin_party__457,poppin_party,0.6933,0.8087
poppin_party__458,poppin_party,0.7488,0.8957
poppin_party__459,poppin_party,0.7094,0.8348
poppin_party__460,poppin_party,0.7366,0.887
poppin_party__461,poppin_party,0.681,0.7913
poppin_party__462,poppin_party,0.588,0.587
poppin_party__463,poppin_party,0.7116,0.8522
poppin_party__464,poppin_party,0.6172,0.6435
poppin_party__465,poppin_party,0.4221,0.3739
poppin_party__466,poppin_party,0.1984,0.0783
poppin_party__467,poppin_party,0.76,0.9043
poppin_party__468,poppin_party,0.6614,0.7652
poppin_party__469,poppin_party,0.4075,0.3391
poppin_party__470,poppin_party,0.7297,0.8696
poppin_party__471,poppin_party,0.4908,0.4435
poppin_party__472,poppin_party,0.8124,0.913
poppin_party__473,poppin_party,0.5151,0.487
poppin_party__474,poppin_party,0.3791,0.2957
poppin_party__475,poppin_party,0.5959,0.6087
poppin_party__476,poppin_party,0.8281,0.9304
poppin_party__477,poppin_party,0.5129,0.4783
poppin_party__478,poppin_party,0.6678,0.7739
poppin_party__479,poppin_party,0.9165,0.9739
poppin_party__480,poppin_party,0.3305,0.2348
poppin_party__481,poppin_party,0.4134,0.3565
poppin_party__482,poppin_party,0.8333,0.9391
poppin_party__483,poppin_party,0.3936,0.3304
poppin_party__484,poppin_party,0.5387,0.5304
poppin_party__485,poppin_party,0.4189,0.3652
poppin_party__486,poppin_party,0.5461,0.5391
poppin_party__487,poppin_party,0.2492,0.1391
poppin_party__488,poppin_party,0.6412,0.713
poppin_party__489,poppin_party,0.7308,0.8783
raise_a_suilen__490,raise_a_suilen,0.9619,0.9747
raise_a_suilen__491,raise_a_suilen,0.9932,1.0
raise_a_suilen__492,raise_a_suilen,0.524,0.1772
raise_a_suilen__493,raise_a_suilen,0.8462,0.7595
raise_a_suilen__494,raise_a_suilen,0.9439,0.9367
raise_a_suilen__495,raise_a_suilen,0.9215,0.8734
raise_a_suilen__496,raise_a_suilen,0.7084,0.5063
raise_a_suilen__497,raise_a_suilen,0.6788,0.443
raise_a_suilen__498,raise_a_suilen,0.887,0.8101
raise_a_suilen__499,raise_a_suilen,0.4517,0.1139
raise_a_suilen__500,raise_a_suilen,0.9644,0.9873
raise_a_suilen__501,raise_a_suilen,0.9235,0.8861
raise_a_suilen__502,raise_a_suilen,0.7233,0.5316
raise_a_suilen__503,raise_a_suilen,0.8829,0.7848
raise_a_suilen__504,raise_a_suilen,0.54,0.1899
raise_a_suilen__505,raise_a_suilen,0.3183,0.0506
raise_a_suilen__506,raise_a_suilen,0.793,0.6962
raise_a_suilen__507,raise_a_suilen,0.5702,0.2152
raise_a_suilen__508,raise_a_suilen,0.7105,0.519
raise_a_suilen__509,raise_a_suilen,0.7009,0.4937
raise_a_suilen__510,raise_a_suilen,0.7748,0.6329
raise_a_suilen__511,raise_a_suilen,0.7852,0.6709
raise_a_suilen__512,raise_a_suilen,0.6092,0.2785
raise_a_suilen__513,raise_a_suilen,0.6482,0.3671
raise_a_suilen__514,raise_a_suilen,0.6064,0.2532
raise_a_suilen__515,raise_a_suilen,0.7561,0.6203
raise_a_suilen__516,raise_a_suilen,0.7254,0.5443
raise_a_suilen__517,raise_a_suilen,0.629,0.3418
raise_a_suilen__518,raise_a_suilen,0.607,0.2658
raise_a_suilen__519,raise_a_suilen,0.3438,0.0759
raise_a_suilen__520,raise_a_suilen,0.6901,0.4684
raise_a_suilen__521,raise_a_suilen,0.5669,0.2025
raise_a_suilen__522,raise_a_suilen,0.6766,0.4304
raise_a_suilen__523,raise_a_suilen,0.7356,0.5823
raise_a_suilen__524,raise_a_suilen,0.626,0.3291
raise_a_suilen__526,raise_a_suilen,0.6321,0.3544
raise_a_suilen__527,raise_a_suilen,0.815,0.7215
raise_a_suilen__528,raise_a_suilen,0.5102,0.1519
raise_a_suilen__529,raise_a_suilen,0.7869,0.6835
raise_a_suilen__530,raise_a_suilen,0.7832,0.6582
raise_a_suilen__531,raise_a_suilen,0.3435,0.0633
raise_a_suilen__532,raise_a_suilen,0.6043,0.2405
raise_a_suilen__533,raise_a_suilen,0.9388,0.9114
raise_a_suilen__534,raise_a_suilen,0.8389,0.7342
raise_a_suilen__535,raise_a_suilen,0.8959,0.8228
raise_a_suilen__536,raise_a_suilen,0.4155,0.1013
raise_a_suilen__537,raise_a_suilen,0.6174,0.3038
raise_a_suilen__538,raise_a_suilen,0.9434,0.9241
raise_a_suilen__539,raise_a_suilen,0.6702,0.4051
raise_a_suilen__540,raise_a_suilen,0.8452,0.7468
raise_a_suilen__541,raise_a_suilen,0.7531,0.6076
raise_a_suilen__542,raise_a_suilen,0.7256,0.557
raise_a_suilen__543,raise_a_suilen,0.9373,0.8987
raise_a_suilen__544,raise_a_suilen,0.0702,0.0127
raise_a_suilen__545,raise_a_suilen,0.1616,0.038
raise_a_suilen__546,raise_a_suilen,0.8865,0.7975
raise_a_suilen__547,raise_a_suilen,0.8109,0.7089
raise_a_suilen__548,raise_a_suilen,0.9214,0.8608
raise_a_suilen__549,raise_a_suilen,0.945,0.9494
raise_a_suilen__550,raise_a_suilen,0.8993,0.8354
raise_a_suilen__551,raise_a_suilen,0.7803,0.6456
raise_a_suilen__552,raise_a_suilen,0.651,0.3797
raise_a_suilen__553,raise_a_suilen,0.8471,0.7722
raise_a_suilen__554,raise_a_suilen,0.9528,0.962
raise_a_suilen__555,raise_a_suilen,0.6965,0.481
raise_a_suilen__556,raise_a_suilen,0.5208,0.1646
raise_a_suilen__557,raise_a_suilen,0.4865,0.1392
raise_a_suilen__558,raise_a_suilen,0.5785,0.2278
raise_a_suilen__559,raise_a_suilen,0.9012,0.8481
raise_a_suilen__560,raise_a_suilen,0.6644,0.3924
raise_a_suilen__561,raise_a_suilen,0.7281,0.5696
raise_a_suilen__562,raise_a_suilen,0.4135,0.0886
raise_a_suilen__563,raise_a_suilen,0.6154,0.2911
raise_a_suilen__564,raise_a_suilen,0.6893,0.4557
raise_a_suilen__565,raise_a_suilen,0.6221,0.3165
raise_a_suilen__566,raise_a_suilen,0.6724,0.4177
raise_a_suilen__567,raise_a_suilen,0.4781,0.1266
raise_a_suilen__568,raise_a_suilen,0.151,0.0253
raise_a_suilen__569,raise_a_suilen,0.7412,0.5949
roselia__570,roselia,0.5218,0.5843
roselia__571,roselia,0.2636,0.1348
roselia__572,roselia,0.2314,0.0787
roselia__573,roselia,0.346,0.2472
roselia__574,roselia,0.5447,0.618
roselia__575,roselia,0.3079,0.191
roselia__576,roselia,0.5083,0.5281
roselia__577,roselia,0.5121,0.5506
roselia__578,roselia,0.7326,0.8427
roselia__579,roselia,0.6361,0.7079
roselia__580,roselia,0.3209,0.2022
roselia__581,roselia,0.4333,0.3933
roselia__582,roselia,0.6648,0.764
roselia__583,roselia,0.379,0.3034
roselia__584,roselia,0.487,0.4944
roselia__585,roselia,0.3954,0.3258
roselia__586,roselia,0.3634,0.2921
roselia__587,roselia,0.5453,0.6292
roselia__589,roselia,0.4559,0.4157
roselia__590,roselia,0.1573,0.0225
roselia__591,roselia,0.7334,0.8652
roselia__592,roselia,0.2131,0.0562
roselia__593,roselia,0.6239,0.6966
roselia__594,roselia,0.4952,0.5056
roselia__595,roselia,0.2459,0.1124
roselia__596,roselia,0.5085,0.5393
roselia__597,roselia,0.3315,0.2247
roselia__598,roselia,0.2958,0.1685
roselia__599,roselia,0.2754,0.1461
roselia__600,roselia,0.4607,0.4382
roselia__601,roselia,0.3934,0.3146
roselia__602,roselia,0.7606,0.8876
roselia__603,roselia,0.1695,0.0337
roselia__604,roselia,0.852,0.9438
roselia__605,roselia,0.6899,0.7978
roselia__606,roselia,0.4593,0.427
roselia__607,roselia,0.2829,0.1573
roselia__608,roselia,0.6562,0.7416
roselia__609,roselia,0.3632,0.2809
roselia__610,roselia,0.7188,0.8202
roselia__611,roselia,0.8425,0.9326
roselia__612,roselia,0.4264,0.3708
roselia__613,roselia,0.6915,0.809
roselia__614,roselia,0.6488,0.7191
roselia__615,roselia,0.4957,0.5169
roselia__616,roselia,0.4615,0.4494
roselia__617,roselia,0.6507,0.7303
roselia__618,roselia,0.3031,0.1798
roselia__619,roselia,0.3325,0.236
roselia__620,roselia,0.5134,0.5618
roselia__621,roselia,0.2333,0.0899
roselia__622,roselia,0.2517,0.1236
roselia__623,roselia,0.3997,0.3371
roselia__624,roselia,0.3524,0.2697
roselia__625,roselia,0.3518,0.2584
roselia__626,roselia,0.5619,0.6404
roselia__627,roselia,0.6565,0.7528
roselia__628,roselia,0.2022,0.0449
roselia__629,roselia,0.5909,0.6742
roselia__630,roselia,0.4556,0.4045
roselia__631,roselia,0.4078,0.3483
roselia__632,roselia,0.3283,0.2135
roselia__633,roselia,0.5661,0.6517
roselia__634,roselia,0.7331,0.8539
roselia__635,roselia,0.9566,1.0
roselia__636,roselia,0.5377,0.6067
roselia__637,roselia,0.2432,0.1011
roselia__638,roselia,0.1238,0.0112
roselia__639,roselia,0.4835,0.4831
roselia__640,roselia,0.7411,0.8764
roselia__641,roselia,0.8352,0.9213
roselia__642,roselia,0.7652,0.8989
roselia__643,roselia,0.4292,0.382
roselia__644,roselia,0.7262,0.8315
roselia__645,roselia,0.6723,0.7753
roselia__646,roselia,0.4802,0.4719
roselia__647,roselia,0.6011,0.6854
roselia__648,roselia,0.5193,0.573
roselia__649,roselia,0.8565,0.9663
roselia__650,roselia,0.4729,0.4607
roselia__651,roselia,0.6833,0.7865
roselia__652,roselia,0.8035,0.9101
roselia__653,roselia,0.5231,0.5955
roselia__654,roselia,0.4221,0.3596
roselia__655,roselia,0.8534,0.9551
roselia__656,roselia,0.9535,0.9888
roselia__657,roselia,0.23,0.0674
roselia__658,roselia,0.5685,0.6629
roselia__659,roselia,0.858,0.9775
mygo__660,mygo,0.1685,0.1364
mygo__661,mygo,0.597,0.8636
mygo__662,mygo,0.4862,0.7273
